{
    "TotalTime": 2.065194285714285,
    "averageSpeed": 377.66722109375746,
    "JerkSpikeCount": 12.937142857142858,
    "Hesitation": 2.5295542857142856,
    "PauseDuration": 0.6165348189415044,
    "PauseCount": 4.102857142857143
}