{
    "TotalTime": 2.4818057142857137,
    "averageSpeed": 355.73559051733724,
    "JerkSpikeCount": 14.282857142857143,
    "Hesitation": 3.2265771428571433,
    "PauseDuration": 0.622891340319912,
    "PauseCount": 5.18
}